{"id":"StoryModel_1736263536801_0","name":"Story1","assets":[{"id":"Asset_1736263544725_1","name":"sphereblur-1736263544702.png","type":"blur","filename":"sphereblur-1736263544702.png","updated":1736264339553,"poseIds":[]},{"id":"Asset_1736263544725_2","name":"spherecolor-1736263544721.png","type":"color","filename":"spherecolor-1736263544721.png","updated":1736263544725,"poseIds":[]},{"id":"Asset_1736264020524_5","name":"sphereblur-1736264020507.png","type":"blur","filename":"sphereblur-1736264020507.png","updated":1736267885332,"poseIds":[]},{"id":"Asset_1736264020524_6","name":"spherecolor-1736264020519.png","type":"color","filename":"spherecolor-1736264020519.png","updated":1736264020524,"poseIds":[]},{"id":"Asset_1736264174561_0","name":"cat_test.jpeg","type":"image","filename":"cat_test-1736264174561.jpeg","updated":1736264174584,"poseIds":[]},{"id":"Asset_1736264693299_0","name":"Asset_1736264693299_0.weba","type":"audio","filename":"Asset_1736264693299_0-1736264693299.weba","updated":1736264693312,"poseIds":[]},{"id":"Asset_1736264882526_18","name":"sphereblur-1736264882501.png","type":"blur","filename":"sphereblur-1736264882501.png","updated":1736264882526,"poseIds":[]},{"id":"Asset_1736264882526_19","name":"spherecolor-1736264882517.png","type":"color","filename":"spherecolor-1736264882517.png","updated":1736264882526,"poseIds":[]},{"id":"Asset_1736270643579_0","name":"Asset_1736270643579_0.weba","type":"audio","filename":"Asset_1736270643579_0-1736270643009.weba","updated":1736270643063,"poseIds":[]},{"id":"Asset_1736270718699_0","name":"Asset_1736270718699_0.weba","type":"audio","filename":"Asset_1736270718699_0-1736270718126.weba","updated":1736270718145,"poseIds":[]},{"id":"Asset_1736274329160_0","name":"sphere photo.jpg","type":"image","filename":"spherephoto-1736274329160.jpg","updated":1736274329174,"poseIds":[]},{"id":"Asset_1736274381190_33","name":"sphereblur-1736274381148.png","type":"blur","filename":"sphereblur-1736274381148.png","updated":1736274662148,"poseIds":[]},{"id":"Asset_1736274381190_34","name":"spherecolor-1736274381168.png","type":"color","filename":"spherecolor-1736274381168.png","updated":1736274381190,"poseIds":[]},{"id":"Asset_1736274842528_0","name":"foodPhoto1.jpg","type":"image","filename":"foodPhoto1-1736274842528.jpg","updated":1736274842562,"poseIds":[]},{"id":"Asset_1736275058771_0","name":"concert1.jpg","type":"image","filename":"concert1-1736275058771.jpg","updated":1736275058786,"poseIds":[]},{"id":"Asset_1736276070373_45","name":"sphereblur-1736276070348.png","type":"blur","filename":"sphereblur-1736276070348.png","updated":1736459811311,"poseIds":[]},{"id":"Asset_1736276070373_46","name":"spherecolor-1736276070368.png","type":"color","filename":"spherecolor-1736276070368.png","updated":1736276070373,"poseIds":[]},{"id":"Asset_1736276105534_0","name":"Street View 360.jpg","type":"image","filename":"StreetView360-1736276105534.jpg","updated":1736276105557,"poseIds":[]},{"id":"Asset_1736276598461_54","name":"sphereblur-1736276598440.png","type":"blur","filename":"sphereblur-1736276598440.png","updated":1736459920188,"poseIds":[]},{"id":"Asset_1736276598461_55","name":"spherecolor-1736276598455.png","type":"color","filename":"spherecolor-1736276598455.png","updated":1736276598461,"poseIds":[]},{"id":"Asset_1736276616123_0","name":"StreetView_BDLoc.jpg","type":"image","filename":"StreetView_BDLoc-1736276616123.jpg","updated":1736276616153,"poseIds":[]},{"id":"Asset_1736448729946_32","name":"sphereblur-1736448729921.png","type":"blur","filename":"sphereblur-1736448729921.png","updated":1736459332063,"poseIds":[]},{"id":"Asset_1736448729946_33","name":"spherecolor-1736448729939.png","type":"color","filename":"spherecolor-1736448729939.png","updated":1736448729946,"poseIds":[]},{"id":"Asset_1736448766310_0","name":"BDmela context.jpg","type":"image","filename":"BDmelacontext-1736448766310.jpg","updated":1736448766317,"poseIds":[]},{"id":"Asset_1736449016349_66","name":"sphereblur-1736449016325.png","type":"blur","filename":"sphereblur-1736449016325.png","updated":1736459965561,"poseIds":[]},{"id":"Asset_1736449016349_67","name":"spherecolor-1736449016341.png","type":"color","filename":"spherecolor-1736449016341.png","updated":1736449016349,"poseIds":[]},{"id":"Asset_1736449463963_0","name":"StreetView_BDMela1.jpg","type":"image","filename":"StreetView_BDMela1-1736449463963.jpg","updated":1736449463975,"poseIds":[]},{"id":"Asset_1736449666778_0","name":"mela context 2.webp","type":"image","filename":"melacontext2-1736449666778.webp","updated":1736449666789,"poseIds":[]},{"id":"Asset_1736450581394_0","name":"melaStuff1.jpg","type":"image","filename":"melaStuff1-1736450581394.jpg","updated":1736450581416,"poseIds":[]},{"id":"Asset_1736450581407_0","name":"melaStuff2.jpg","type":"image","filename":"melaStuff2-1736450581407.jpg","updated":1736450581416,"poseIds":[]},{"id":"Asset_1736450801664_0","name":"bdfood2.jpg","type":"image","filename":"bdfood2-1736450801664.jpg","updated":1736450801680,"poseIds":[]},{"id":"Asset_1736451296416_0","name":"Asset_1736451296416_0.weba","type":"audio","filename":"Asset_1736451296416_0-1736451296416.weba","updated":1736451296426,"poseIds":[]},{"id":"Asset_1736451314835_0","name":"Asset_1736451314835_0.weba","type":"audio","filename":"Asset_1736451314835_0-1736451314835.weba","updated":1736451314845,"poseIds":[]},{"id":"Asset_1736451585610_0","name":"Yonge St.m4a","type":"audio","filename":"YongeSt-1736451585610.m4a","updated":1736451585624,"poseIds":[]},{"id":"Asset_1736456713519_0","name":"mela stuff 3toronto.png","type":"image","filename":"melastuff3toronto-1736456713519.png","updated":1736456713592,"poseIds":[]},{"id":"Asset_1736456713546_0","name":"mela stuff in toronto.png","type":"image","filename":"melastuffintoronto-1736456713546.png","updated":1736456713592,"poseIds":[]},{"id":"Asset_1736456713557_0","name":"mela Toronto2.png","type":"image","filename":"melaToronto2-1736456713557.png","updated":1736456713592,"poseIds":[]},{"id":"Asset_1736457314758_0","name":"melastuff in toronto.jpg","type":"image","filename":"melastuffintoronto-1736457314758.jpg","updated":1736457314767,"poseIds":[]},{"id":"Asset_1736457760019_0","name":"torontoMelafood4.jpg","type":"image","filename":"torontoMelafood4-1736457760019.jpg","updated":1736457760207,"poseIds":[]},{"id":"Asset_1736457760029_0","name":"TorontoDance6.png","type":"image","filename":"TorontoDance6-1736457760029.png","updated":1736457760207,"poseIds":[]}],"assetPoses":[],"moments":[{"id":"Moment_1736264020524_8","name":"Moment2","poseableAssetIds":[],"pictureIds":["Picture_1736264921279_0"],"audioIds":["Audio_1736269038262_0","Audio_1736270643590_0","Audio_1736270718710_0"],"teleportIds":["Teleport_1736268681819_0"],"photosphereId":"Photosphere_1736264020524_7"},{"id":"Moment_1736264882526_21","name":"Moment3","poseableAssetIds":[],"pictureIds":[],"audioIds":[],"teleportIds":["Teleport_1736265135825_0"],"photosphereId":"Photosphere_1736264882526_20"},{"id":"Moment_1736274381190_36","name":"Moment4","poseableAssetIds":[],"pictureIds":["Picture_1736274851566_0","Picture_1736275062279_0"],"audioIds":[],"teleportIds":[],"photosphereId":"Photosphere_1736274381190_35"},{"id":"Moment_1736276070373_48","name":"Fair in toronto","poseableAssetIds":[],"pictureIds":["Picture_1736457026951_0","Picture_1736457070945_0","Picture_1736457278185_0","Picture_1736457325829_0","Picture_1736457772933_0","Picture_1736457797273_0"],"audioIds":[],"teleportIds":["Teleport_1736457948834_0"],"photosphereId":"Photosphere_1736276070373_47"},{"id":"Moment_1736276598461_57","name":"Prep in BD","poseableAssetIds":[],"pictureIds":[],"audioIds":[],"teleportIds":["Teleport_1736448988710_0"],"photosphereId":"Photosphere_1736276598461_56"},{"id":"Moment_1736448729946_35","name":"Fair in BD1","poseableAssetIds":[],"pictureIds":[],"audioIds":["Audio_1736451602076_0"],"teleportIds":["Teleport_1736459663010_0"],"photosphereId":"Photosphere_1736448729946_34"},{"id":"Moment_1736449016349_69","name":"Inside the fair","poseableAssetIds":[],"pictureIds":["Picture_1736449564983_0","Picture_1736449602089_0","Picture_1736449670884_0","Picture_1736450590894_0","Picture_1736450811103_0"],"audioIds":[],"teleportIds":[],"photosphereId":"Photosphere_1736449016349_68"}],"photospheres":[{"id":"Photosphere_1736263544725_3","enabled":true,"scale":1,"imageAssetId":"Asset_1736264174561_0","colorAssetId":"Asset_1736263544725_2","blurAssetId":"Asset_1736263544725_1","surfaceIds":["PhotosphereSurface_1736264345846_0","PhotosphereSurface_1736264346896_0","PhotosphereSurface_1736264350396_0","PhotosphereSurface_1736264352697_0","PhotosphereSurface_1736264356397_0","PhotosphereSurface_1736264357813_0","PhotosphereSurface_1736264363270_0"]},{"id":"Photosphere_1736264020524_7","enabled":true,"scale":1,"imageAssetId":null,"colorAssetId":"Asset_1736264020524_6","blurAssetId":"Asset_1736264020524_5","surfaceIds":[]},{"id":"Photosphere_1736264882526_20","enabled":true,"scale":1,"imageAssetId":null,"colorAssetId":"Asset_1736264882526_19","blurAssetId":"Asset_1736264882526_18","surfaceIds":[]},{"id":"Photosphere_1736274381190_35","enabled":true,"scale":1,"imageAssetId":"Asset_1736274329160_0","colorAssetId":"Asset_1736274381190_34","blurAssetId":"Asset_1736274381190_33","surfaceIds":["PhotosphereSurface_1736274966884_0","PhotosphereSurface_1736274968445_0","PhotosphereSurface_1736275198107_0","PhotosphereSurface_1736275205250_0"]},{"id":"Photosphere_1736276070373_47","enabled":true,"scale":1.2000000000000002,"imageAssetId":"Asset_1736276105534_0","colorAssetId":"Asset_1736276070373_46","blurAssetId":"Asset_1736276070373_45","surfaceIds":["PhotosphereSurface_1736276163223_0","PhotosphereSurface_1736276166551_0","PhotosphereSurface_1736276171000_0","PhotosphereSurface_1736276177664_0"]},{"id":"Photosphere_1736276598461_56","enabled":true,"scale":1,"imageAssetId":"Asset_1736276616123_0","colorAssetId":"Asset_1736276598461_55","blurAssetId":"Asset_1736276598461_54","surfaceIds":[]},{"id":"Photosphere_1736448729946_34","enabled":true,"scale":1,"imageAssetId":"Asset_1736448766310_0","colorAssetId":"Asset_1736448729946_33","blurAssetId":"Asset_1736448729946_32","surfaceIds":["PhotosphereSurface_1736448891139_0"]},{"id":"Photosphere_1736449016349_68","enabled":true,"scale":1,"imageAssetId":"Asset_1736449463963_0","colorAssetId":"Asset_1736449016349_67","blurAssetId":"Asset_1736449016349_66","surfaceIds":["PhotosphereSurface_1736459409580_0"]}],"surfaces":[{"id":"PhotosphereSurface_1736264345846_0","points":[0.42718975599895626,0.5065238822499718,0.4349310017277899,0.47724725299009235,0.45066998467576136,0.41071364969241353,0.47312854854724673,0.3193907570672495,0.48125505860353773,0.2781249328595652,0.48663638554625416,0.2610663610992326,0.48997738933306967,0.24944057197713654,0.4936124645972647,0.2261851525945358,0.4965428288951784,0.2159720227209326,0.49913470052097253,0.20389311242269836,0.5013416188246618,0.1912190683313901,0.50395376059398,0.18178942147170324,0.5055241333936747,0.1745937815660924,0.5062372305803678,0.17052915008641975,0.506480251972055,0.16981011285151318,0.5067279162962394,0.16982150161357962,0.506476499407499,0.16980994029107277],"basePointIndices":[],"normal":[-0.18283387447093613,-0.5721309130455233,-0.7995236035813088],"dist":-1},{"id":"PhotosphereSurface_1736264346896_0","points":[0.5396433998773569,0.13813199921269032,0.5431071738865884,0.1490044599509393,0.5496257711017639,0.16213511258284755,0.5647772128307094,0.1803237547463232,0.57856442908814,0.20086964124401033,0.593617516672773,0.22504464681394035,0.6778590552468369,0.47113431861002036],"basePointIndices":[117,151],"normal":[0.7187686975337055,-0.4476958644707611,-0.5319210208118104],"dist":-1},{"id":"PhotosphereSurface_1736264350396_0","points":[0.6888250695665076,0.4671796975663422],"basePointIndices":[],"normal":[0.7421953193334959,-0.4691667274311857,-0.47856942007504155],"dist":-1},{"id":"PhotosphereSurface_1736264352697_0","points":[0.6051015744369287,0.5677231230211793,0.6078666877804335,0.5588066161099394,0.6122535079456811,0.5474750979007953,0.6191649279112281,0.5324039366587525,0.6281431103648942,0.5200794298805936,0.6385851172406358,0.5077617133003984,0.6928625421449048,0.4790281089514326,0.6995455853518708,0.47901935995337575,0.7054315243496359,0.47933172136397584,0.7065489225071935,0.4799863088262692,0.7084371983315426,0.48151877788280306,0.7084426680561338,0.48127013324782986,0.7086297355033251,0.4812786937802739,0.7125157138294858,0.47687561979371695,0.7163840013514615,0.4718476230356502,0.7223785480830465,0.4650825329704244,0.7278963676088315,0.45797871997767636,0.7433121574195778,0.4359736125505017,0.7493508166058113,0.4291793769765506,0.7531223391789947,0.4259165894396353,0.7552291658731073,0.4235663628437787,0.7554972552470315,0.4229414938901778],"basePointIndices":[],"normal":[0.9215271959904942,-0.05825136295688843,-0.38391979079433014],"dist":-1},{"id":"PhotosphereSurface_1736264356397_0","points":[0.6623476824132402,0.550767558977485,0.6629698500810668,0.5527731155680428,0.6668407811676894,0.5618864667633636,0.668945914623116,0.565768684953317,0.6732257569679944,0.5744683167363537,0.6752127901439462,0.5774413229862687,0.6777771850033603,0.5825421497449714,0.681371505810293,0.5877254774525098,0.6831853677639936,0.590930324101524,0.6840748422905916,0.5918647530959774,0.6846045019207988,0.5928621690151922,0.6847403957099293,0.5925672340963546,0.6845593586366584,0.5926009107390333],"basePointIndices":[],"normal":[0.8672044165639298,0.24295981148328266,-0.4346573706910096],"dist":-1},{"id":"PhotosphereSurface_1736264357813_0","points":[0.6380148142481583,0.5535580078201727,0.6358583798197827,0.5547300463310957,0.6218090173174282,0.5563986382691211,0.6074912328055203,0.5538612547029305,0.6030424445915481,0.556064783926411,0.5962729613191918,0.5600440272700193,0.5940014444782322,0.5608086459454199,0.5936428555538158,0.5612096509290009,0.5929158416376287,0.5612522212957393,0.5919555137263655,0.5616561479052531,0.5897325056031494,0.5617870545659703,0.5885260479008765,0.5622441177913269,0.584917116651787,0.5624579637499582,0.584744286311516,0.5621601473842821],"basePointIndices":[],"normal":[0.5856506499655532,0.1858323887438244,-0.7889737888476964],"dist":-1},{"id":"PhotosphereSurface_1736264363270_0","points":[0.3464099228525389,0.5641071423780615,0.3481651069644968,0.5612601167289241,0.3522493921792118,0.5571457360765925,0.3571593929748922,0.5528667148075841,0.36213318453542803,0.5490475692581492,0.3745146290728672,0.5414349279988906,0.3860255990940953,0.535207758120749,0.4091750712424299,0.5289368968848613,0.4158158550524329,0.5274364003021594,0.42019896061885076,0.52687052810415,0.4293771084244576,0.527468933133149,0.432663748499992,0.5292995551306684,0.43591785440836717,0.5317364434959961,0.438879141248785,0.535905267484673,0.4404085271179354,0.538594572061454,0.44163481824417017,0.5422997312579245,0.4410989902063399,0.5466280243034336,0.4390642143544058,0.5520245369757252,0.4359035428060826,0.5595238108010354,0.4363612678344627,0.5674389866292164,0.43602875086141446,0.5958336262436195,0.4355974639879878,0.6067654467159326,0.4349438099032312,0.6165321065813838,0.4266803114094225,0.6312249880395061,0.4202640890208601,0.6519237890735641,0.41495528301900797,0.6626439912570623,0.4128294565533558,0.6661015124061188,0.40835120036519024,0.6717629961754235,0.4057364026254405,0.6735861881282902,0.40304165673620385,0.6757593689161275,0.3957941153721787,0.6791397076790323,0.3818808979864993,0.6826663220076254,0.37253667183158173,0.6827458003018267,0.3668036276299222,0.6821046104210967,0.35885045341767574,0.6818784058203957,0.3446957256758735,0.6799355358382635,0.33426887074488465,0.6778787436351121,0.3154847892535306,0.6718307647096436,0.31326318886378995,0.6703198733454361,0.30780982832826376,0.6674754197355242,0.3041811280315787,0.6646161197155155,0.3004087042785748,0.6597261898409159,0.29891402227915126,0.6562584842783141,0.2982972812977943,0.6523811103135151,0.2986200576049043,0.6479575472921415,0.29908669539293964,0.6456069274232468,0.2998539292004091,0.6423318856304652,0.30105811781354846,0.6386403913653584,0.3059626430207161,0.6294358714759737,0.3112188265017708,0.6231383530158178,0.31620639940756434,0.6166633432071114,0.31732222730734144,0.6149217602477595,0.32507829969199775,0.6063067116976355,0.3322026307361893,0.5989131606622566,0.33911148413731224,0.5921484187119419,0.3464618849865368,0.5841638170549347,0.3599284072347574,0.5701488935950121,0.36634354110608086,0.5652145340470157,0.3705172568740118,0.5627837329940092,0.37245152802105863,0.5619575859315643],"basePointIndices":[309,310,340,341,342,343],"normal":[-0.6723970515080012,0.34565112046044144,-0.6545284623664488],"dist":-0.8784945821304936},{"id":"PhotosphereSurface_1736274966884_0","points":[0.8546183396815774,0.5850675084500847,0.8503126342786335,0.5841358508984089,0.8484677310166859,0.5827237520769608,0.8466219523630351,0.5809776463760203,0.844296706886836,0.5779694556610823,0.8432336806994797,0.5760808346103696],"basePointIndices":[],"normal":[0.7902299950477873,0.2522836359150824,0.5584706992996499],"dist":-1},{"id":"PhotosphereSurface_1736274968445_0","points":[0.8188121786186777,0.487484360035205,0.8166993101932695,0.4854399161727765,0.8142358853869416,0.4826584555240463,0.8129977297128421,0.4804251198332916,0.811747816574816,0.47924776961110205,0.8095981544915026,0.47637751685825924,0.8093925469093057,0.476344548712325,0.8092119910785969,0.4758868200379354,0.8090062224322008,0.4758537567340892],"basePointIndices":[],"normal":[0.922256803293724,-0.06290295166974036,0.38142575614354585],"dist":-1},{"id":"PhotosphereSurface_1736275198107_0","points":[0.2411847041757801,0.19764908211866672,0.24047681304873186,0.1955130664230766,0.24120358430735062,0.191183572177087,0.24132856774470124,0.18906782243466547,0.24342680462219293,0.18421232879450106,0.24483716916639428,0.18255290529015755,0.24636483139508028,0.1811531153532126,0.2481629648901138,0.1801717384806498,0.24923004898019485,0.17977065238250317,0.2520524494458194,0.18008359812402722,0.2533931817460429,0.18053216314134735,0.2550303720447415,0.1821358312946071,0.2583891898865685,0.18640789122958523,0.26350245022652613,0.19420728677241583,0.2676188964244906,0.20145938218491571,0.2689022532234551,0.20477413818393847,0.2703936246331975,0.2079030630266731,0.27136518632694584,0.21101229121358966,0.27183461986808366,0.21441756667175202,0.27207633094508643,0.21954300214111583,0.27187146542897683,0.2233929010397631,0.27084899575582966,0.2287115234810166,0.26796523421386315,0.23810865896487382,0.26552805159668547,0.2437108994805478,0.2634426834698508,0.24704122334940443,0.2606846072277524,0.25251905938010916,0.2592518936148473,0.2547956852210263,0.2575137150285098,0.2570492236301741,0.254523431229444,0.2603138107928641,0.2510271185312325,0.2633156787847161,0.24685302829137973,0.26666710934739096,0.2438827690201314,0.26824596010097346,0.24121313553737836,0.2690150152459929,0.23846226389403113,0.2695698645561415,0.23297576995902525,0.26995620202289333,0.2308611252351096,0.26960170548151124,0.2278653076192322,0.268693011380581,0.21993716457899398,0.2656735748618404,0.21416235540065454,0.26239020711021016,0.20354871505306155,0.2552133199438529,0.1948597893499932,0.2474002772716491,0.19202286973982577,0.24404529527968835,0.18375021467357067,0.2364959755455077,0.1719150958814787,0.2231880585466036,0.16967620428418267,0.22112628490047712,0.16620775377097055,0.2183419168894821,0.15960698674939272,0.21446543765628956,0.15749082402463765,0.21288696349052227,0.1552246977008519,0.21165042766463543,0.14773852881780258,0.20794450575827994,0.14160563706154627,0.20550693919672489,0.13895866758199513,0.20420749719247328,0.13312941310630025,0.20175743243926147,0.12915659857235928,0.19964268340463795,0.12509371734001665,0.1963283572656887,0.11703373329943384,0.1878840450493814,0.114908690740258,0.1839765066935808,0.11389098902398392,0.1806418704790731,0.11317349236223,0.17688073419025135,0.21768273252865164,0.14324896725399985,0.23229474229594324,0.15153123637408272,0.2381274346292982,0.15572628339404576,0.25007938368380594,0.16646832389964764,0.2583173391116567,0.1731903283066801,0.2611597305572816,0.17677389375666655,0.26369855816720006,0.1804587222921957,0.26595443683012665,0.18428428327147334,0.2680551763556323,0.18711176210292638,0.2704159460971979,0.19092888217424317,0.27393427819678773,0.19558521612920182,0.27641925251913635,0.19958555489830257,0.2793657331808854,0.20617605230424402,0.2796167431396313,0.20739267384083454],"basePointIndices":[103,104,105,106,139,140],"normal":[-0.5448435092974179,-0.8290989684768884,0.12546095347571068],"dist":-0.9920309177884858},{"id":"PhotosphereSurface_1736275205250_0","points":[1,0,1,0.13811400288149403,0.9965541992049985,0.13420123253464664,0.9899185339591587,0.12479244796318387,0.9845776911484754,0.11825842450049523,0.9779381307100707,0.10840312607829075,0.9745499227354217,0.1037735439444723,0.9715232555466164,0.09896007360853823,0.9688852751514996,0.09519445424421086,0.9478132414203542,0.0807140787478346,0.9429828910021664,0.07601867769233925,0.9392514833411313,0.07090526399382639,0.9338926840812478,0.06660468306331913,0.9225529334619316,0.060017033660296815,0.9176462100402294,0.056788889827634886,0.9128309819420495,0.05430482607849704,0.9087744061729357,0.0513824126600384,0.8975818617487868,0.04884489739099921,0.8775016360948913,0.03916958694297428,0.8616431216268595,0.03736227762096951,0.8475889655076365,0.031383836250925126,0.8262983836563464,0.029480020099635476,0.8194462704171517,0.02746162104310534,0.8125285585188302,0.02517740389944729,0.7872584669938028,0.023707569285726617,0.7815043390439812,0.022247006322172226,0.7513466274240065,0.020807341106633556,0.721929188326354,0.019807586125175233,0.6910736856226886,0.019517929091425683,0.6621970029765986,0.019581445061769627,0.6036417728352642,0.020737037289858127,0.5947230645170939,0.021870143426076284,0.5718394444943303,0.022597557271664837,0.5423529569056821,0.024941161157711982,0.5356753881064341,0.026694900349362703,0.5117587830510835,0.028389463028313973,0.5044715178700931,0.031085100903449583,0.48119804208053285,0.03381701858200255,0.4738208885853396,0.036889226214466955,0.4680026489144884,0.03947803865440214,0.4606586774714194,0.04310685254271309,0.4441110227534172,0.05031532432588473,0.43242886645322864,0.05341005651936934,0.42990456436373536,0.054825815363426435,0.42746266398109856,0.05588180624213431,0.2326527013960511,0.1250684368639498,0.22483813526753654,0.12988448465540492,0.21356311976221057,0.1379414608730119,0.19835238761008456,0.1511418413771845,0.19030613309885158,0.15735666173208676,0.18041372443800732,0.1639222343339089,0.16978158106260602,0.17402162563779183,0.1664205995669677,0.17675151089678445,0.1604984683549039,0.1801970167163315,0.15232819467584569,0.1840934107617229,0.147461332693104,0.1860749816586243,0.1450884592785941,0.1868125078907776,0.14147402420143662,0.1871453224033686,0.13941624424855373,0.18711306861591273,0.13704904172729468,0.18673043407182774,0.1331445932240139,0.18521220924657278,0.12476495231838577,0.18029869082351835,0.11303577983545447,0.17393903065596505,0.10313936817280854,0.17214744405683596,0.0966711976495826,0.1706213842757918,0.08502270026837641,0.1683150164648812,0.06622648037955317,0.16678556574517162,0.060272439056878124,0.16673254756780215,0.058117711140280415,0.16691959668462947,0.044620332360008036,0.16661018559815963,0.03674370004510399,0.16570532232799404,0.027708539163216566,0.1637977596830495,0.02592747277721392,0.16294537423328115,0.021665622608077396,0.16044227790904936,0.019820566857986263,0.15867201864342328,0.015780503493016716,0.15422897078647665,0.008211409274094368,0.1473111284604517,0.003487493810389601,0.1425610456587073,0,0.13811400288149403,0,0],"basePointIndices":[0,33,34,35,36,37,38,39,40,41,42,43,44,45,46,63,64,65,66,67,68,69,70,71,72,73,98],"normal":[-0.10362147397593711,-0.9748361535035667,0.1973754390835523],"dist":-0.9619840981545583},{"id":"PhotosphereSurface_1736276163223_0","points":[0.49810045095492256,0.27893947316642553,0.6046156100508813,0.2388085183931261],"basePointIndices":[],"normal":[0.3878916890455992,-0.7495232824464659,-0.536427895098705],"dist":-1},{"id":"PhotosphereSurface_1736276166551_0","points":[0.613557544600065,0.24051932688867728,0.6071149065667192,0.2468193438412047,0.6001901927495426,0.252918068754022,0.5950598261913039,0.2562687841377929,0.5904171870916735,0.2599217154537724,0.5857488069750749,0.26241976482832097,0.5846133489166947,0.2627617838599909,0.5818384259522256,0.2627010041366428,0.5787109136450906,0.26181243083805694,0.576042534293427,0.2607632650575529,0.5731123736477517,0.259325420497948,0.5697997240091925,0.25806724517375174,0.49612990076669644,0.18119663311415,0.49564593135788404,0.1773114307685896,0.49657284925246437,0.1725658534073415,0.4971116846460101,0.16832859864358238,0.49838674040312925,0.16366313832309098,0.5000049326124977,0.15935515335406125,0.5056879036221897,0.14097911052426024,0.50816796325837,0.13680801851614116,0.51637338768723,0.127774187109639,0.5209018339302834,0.12249121348320051,0.524230206703926,0.11750694083534056,0.5313920466596689,0.11280413591429177,0.5391375334239908,0.10800152243288606,0.5506139192764977,0.1024643515841766,0.5680159557280438,0.09927680046237106,0.5859285173375098,0.09649009142025552,0.5984782392517258,0.09612560943584733,0.6041480412093482,0.09638470130415414,0.6245444636499494,0.09832679027930344,0.6257105025971554,0.24448525526321924,0.618024767729055,0.24681182610430674,0.6030111884223002,0.2523100691570254,0.595781792828348,0.25416225580796087,0.5888475530155644,0.2564239088667798,0.567515265578097,0.26443104999484435,0.5597141604950513,0.2679880834171147,0.5575764227135264,0.26879903772431235],"basePointIndices":[],"normal":[0.3066152239723652,-0.827921756307583,-0.46960906066742736],"dist":-1},{"id":"PhotosphereSurface_1736276171000_0","points":[0.591393111109228,0.18782720658140575,0.5882053425619805,0.1889882912642689,0.5859937369409403,0.18947602859637788,0.58440858072651,0.18964139045671916,0.5805858977391943,0.1891416915821238,0.5786157201137591,0.18856844331138917,0.5749703793615819,0.18684784473708876,0.5724641245403943,0.18538988420591962,0.5640319083405128,0.17990049994469082,0.5512801752065836,0.1748548566378191,0.5492469518246863,0.17418277386683295,0.5456885830114425,0.17335113781641318,0.5436462118761175,0.1726762852418375,0.5358807657191783,0.17065758869082764,0.533528673640037,0.16970612964781773,0.530657840592722,0.16764198941335076,0.5277645636783163,0.1648788485818855,0.5267232484451472,0.16341878349301225,0.5245197012600413,0.1581063350519983,0.5237057430544955,0.14668322202398995,0.5238930397342231,0.1420709878261231,0.525511848363073,0.13480979268010623,0.5275733609700586,0.1290893849384784,0.5301095230643055,0.12345892446717056,0.5346810612836457,0.11851172285067783,0.5399639726838755,0.11369897166886508,0.5500103224868468,0.10778379343484026,0.5543600575281816,0.10599508019677666,0.5644339110041703,0.10311225940651042,0.5765380445622243,0.10059563650059115,0.5970932324719582,0.0980723907349027,0.6129569089236535,0.09779572081538573,0.61970425363223,0.09824067744334623,0.6454855157889278,0.10110357283949523,0.6718633940571411,0.10782776357829775,0.69284702628783,0.11007130638600497,0.7110448569547478,0.12119892809427604,0.7183610574848145,0.12691510477843543,0.7270702793084558,0.13907698052711293,0.7337407890609261,0.1474379662116274,0.7408542554811541,0.1531469391340225,0.7481305646905181,0.16037827013714273,0.7501515646947993,0.16305755039925302,0.755070763116851,0.1766960471034269,0.7562878654223888,0.18124194273616512,0.7570293726792632,0.18562762774378438,0.7575475766842252,0.1893665381761121,0.7576438831008019,0.19830097371100158,0.7585841141911385,0.20474889485448605,0.7605146706722286,0.21370215616484806,0.7617811022196399,0.22397777944501446,0.761922817056993,0.22634787331096268,0.7618100610109555,0.22822110838629528,0.7615208391711177,0.229466398179641,0.7610799719447082,0.23049599769321427,0.760140839084001,0.23191500621636632,0.7585657160703694,0.23379750510376254,0.7524942745886987,0.23941982676813095,0.745234379877838,0.24443345580357057,0.7433974260144673,0.2476733526806138,0.7405665734642835,0.25140992290478065,0.7375153881478921,0.25437543486922587,0.7343160299724314,0.2572035917814109,0.7312656281168146,0.2592962315421989,0.7252283827854378,0.26212343444075453,0.722623447913043,0.26291005326091343,0.720230488487791,0.26319689405737257,0.7119428407919871,0.2636770105978614,0.7063963795660619,0.2631833402377778,0.7007789042073571,0.262429958350051,0.6934953093146311,0.260964004195353,0.6877591053655772,0.2589248287441692,0.6808101940893029,0.257241685529695,0.6686057444648177,0.2538799394713239,0.6599620720780885,0.25100774382001234,0.6502744548101698,0.2488677979596595,0.6305863288417126,0.24419114499218536,0.622016508893533,0.24189565904489013,0.6125588007619025,0.2395884654303321,0.6051637466033198,0.2374860479135342,0.5971425675137707,0.23738715025012075,0.59203693029834,0.23773906033969588,0.5875530047798256,0.23856487598015802,0.5839138366929187,0.23960577230520425,0.5796237013978068,0.24134005384675308,0.5765713835199372,0.2431950796398739,0.5751513656600721,0.2442815217128313,0.5714231317339905,0.24727543095123344,0.5688933579743074,0.2496256532717482,0.5664626306120082,0.25236516104328993,0.5624418711074153,0.25839557822961207,0.5505269430922921,0.27882069110594143,0.5461600957573113,0.28489212969812105,0.5444020155301439,0.28666756341144506,0.5429336216746332,0.2878980863435329,0.5410880459524419,0.28908961807102346,0.5392566723467925,0.2897875475471213,0.5365517205962836,0.2901143713050062,0.5263735671741702,0.2887665164258665,0.5215641499418593,0.2874646934874851,0.5102095005170113,0.2828996593861056,0.5048335420945209,0.28044560153169235,0.5008942431596772,0.27821413416327195,0.49677076359728367,0.27495523404659616,0.490751711483257,0.2684771791424532,0.48669329484092033,0.2638473359098934,0.4840532112364414,0.26009387219783353,0.48113622060519545,0.25546804993435124,0.4786261160558959,0.2510954684403598,0.4752612084126088,0.24617380375817394,0.47387434656540545,0.24318633375431611,0.4720041223676284,0.23996999431941127,0.4695924890799341,0.23465741811859217,0.4662648439736483,0.22824169280837528,0.4658590562033056,0.2271328743224802,0.4625877675625202,0.22063514130316808,0.46100299752890816,0.21836582231734197,0.4573128107774419,0.2137447358040758,0.45413544028056074,0.210483252950822,0.44974707318187457,0.20635931700517995,0.44351178942678143,0.19833246994232934,0.43524376340335036,0.18510754882557903,0.434783071076085,0.18409115971120063,0.43423659000430564,0.18335730528553953,0.4331674025643803,0.1806423934908182,0.43204784618172515,0.17980617611974412],"basePointIndices":[83,84,85,86,87,88,113,114,115,116,117,118,119,120,121,122,123,148,149,150,153,154,155],"normal":[0.3000988728235011,-0.8510688169557123,-0.4308393381942604],"dist":-1},{"id":"PhotosphereSurface_1736276177664_0","points":[0.4097290519809957,0.4506668689147108,0.39077199005179375,0.48259365313015434,0.3724504736973194,0.514196668764781,0.36204918773629524,0.5363749229214464,0.35658830415700876,0.5504639011891255,0.352723776586799,0.5623492591077736,0.3491723684362169,0.5726527336503964,0.34610085316967737,0.5825962880982216,0.3435664998156524,0.5917567720212706,0.3352339395584449,0.629251389906207,0.33270461708937926,0.6433294858784615,0.33218717779514295,0.650758796091777,0.332344263367059,0.6559456141251385,0.33259760451420955,0.6586832762608898,0.3333898525580202,0.6567544777362873,0.33475826069972814,0.6556315145296506,0.3348616856743529,0.6555813026256923,0.33495750725790135,0.655804610444522],"basePointIndices":[309,341],"normal":[-0.6699876581920661,0.14461378564795863,-0.7281506649525752],"dist":-1},{"id":"PhotosphereSurface_1736448891139_0","points":[0.5201971172754077,0.49958869209249446,0.516338759434054,0.5093586256510446,0.5116560986083324,0.5194366686208647,0.5007565165955596,0.5361583845869222,0.4969121333877045,0.5411853604310629,0.49271687327480107,0.5456105221613863,0.4868540917863512,0.5497983078707663,0.4823755722884581,0.5522785566154926,0.47835591490990165,0.5534681681873507,0.47556419513599923,0.5534514580570142,0.4720383889524997,0.5516938018936921,0.46714439800537544,0.5496852207149701,0.46056539672261954,0.545958082454738,0.4467092785426642,0.5377182163452767,0.4390543479504612,0.5316173056943709,0.292697653229755,0.5131271544531332,0.2823270023535782,0.516799856146999,0.27715702941329856,0.5175705951883697,0.2177915961306366,0.15536054500298668,0.2154317034659295,0.14917594959583294,0.2141998952152941,0.14308312161678133,0.21635244973579837,0.13378764610144933,0.22470339996878327,0.11952084110375395,0.2401272235165163,0.10100831735551244],"basePointIndices":[280],"normal":[-0.5857330706290594,-0.6219799920668826,-0.5196707221307871],"dist":-1},{"id":"PhotosphereSurface_1736459409580_0","points":[0.14563430088890708,0.36075694679248466,0.14149182660599144,0.35748566046512287,0.13293275065911433,0.35193047006100203,0.1276874728432126,0.3474643360878768,0.1279516833693127,0.34793859064750166,0.12747615990239403,0.3487592612798167,0.12877797905076316,0.3488453019979735,0.12733001909516573,0.3479761797028631,0.12637057644211164,0.3478576797121533,0.1259842753548835,0.347246447643453,0.12601887908186796,0.3452368550593202,0.12671873708955386,0.3438510494954938,0.1292734514342891,0.34061230534400827,0.1301921226266899,0.3399182333421923,0.13397821252980274,0.3343090892446591,0.13637982795193448,0.33109926563472375,0.13781339397087722,0.32944879534430993,0.13954380202875183,0.32877907639519366,0.14209355510502136,0.3266472097172006,0.143000117568195,0.3265788111866298,0.14500897602150944,0.3258600656084823,0.14571413651395854,0.3258934861526841,0.14671591197492023,0.3242582375649985,0.1475607957100844,0.321991338805663,0.14896479016818387,0.3211069176893175,0.14985047283100525,0.32087838058195406,0.15192747068140838,0.319737518984359,0.1528842227147649,0.3195796610389336,0.15431884607052665,0.318868141525477,0.15478445714246117,0.3175426848759857,0.15591307890203684,0.31682938196099136,0.15705214361969322,0.317625462422796,0.15937172620166484,0.31826208119423083,0.16091807709823655,0.3189335593661933,0.16389249832477543,0.31924540133012763,0.16553620141514722,0.32041115519607166,0.16802631980651042,0.32303281767507097,0.16887564791719162,0.3253313193631885,0.16968797772251998,0.328956928921995,0.1673758177886819,0.3389649006777272,0.16604569573667438,0.34092123238357874,0.16325473739633617,0.34354968031737193,0.16104651814069604,0.34418161280233434,0.1591089362578138,0.3443110036761401,0.15630513092893583,0.3460804008486305,0.15487793556720772,0.34785012299327533,0.15342206319942178,0.34930742922804925,0.15077125863221771,0.3513589563045255,0.14992217106813605,0.3503104249950448,0.14825341716422896,0.3505529396706707,0.14614512034281169,0.3519666025279339,0.14378027455306613,0.3521185130646475,0.1427716537821298,0.34963470708240163,0.14184808295959647,0.3495251952345629,0.14087790472893474,0.3487216267417609,0.14028657607310857,0.34592634633103525,0.13981828744608857,0.34552438764523363,0.13858052270969762,0.3428458472892657,0.1352043344233868,0.3345779403634909,0.13542651704370176,0.330271727418443,0.13627190545255563,0.3327653646335158],"basePointIndices":[],"normal":[-0.6904252729990078,-0.4915590504783605,0.5307378282137596],"dist":-0.9592674835896338}],"poseableAssets":[],"pictures":[{"id":"Picture_1736264921279_0","name":"Picture1","x":-0.5295372464570842,"y":-0.05942547879033644,"z":-0.3577691640459424,"orientation":[0.681882430671787,-0.16635672310690713,0.6171660398727348,-0.35562321443639033],"scale":0.2,"assetId":"Asset_1736264174561_0"},{"id":"Picture_1736266089761_0","name":"Picture","x":0.10518820214439745,"y":0.044502375512930625,"z":-0.38318679550949275,"orientation":[-0.03555256422103514,-0.058200871224857335,0.025167993516748942,0.9973541226005528],"scale":0.3,"assetId":null},{"id":"Picture_1736266279506_0","name":"Picture","x":-0.12399233799639142,"y":0.1892465038526141,"z":-0.24112235262714088,"orientation":[0.04850035593559883,-0.0303839026563765,0.07151668361310343,0.9957961126146615],"scale":0.3,"assetId":null},{"id":"Picture_1736274851566_0","name":"Picture2","x":0.2833557146863913,"y":0.26373738635502925,"z":0.10191482279216202,"orientation":[0.12530001141816088,-0.5026176634692102,0.017764370665371704,0.8551957779609441],"scale":0.9,"assetId":"Asset_1736274842528_0"},{"id":"Picture_1736275062279_0","name":"Picture3","x":0.040860322615288824,"y":0.2270685083897128,"z":0.8063568632732205,"orientation":[-0.3287165456901026,-0.9420253759667524,-0.026014451052290066,0.062103719379092356],"scale":0.5,"assetId":"Asset_1736275058771_0"},{"id":"Picture_1736449564983_0","name":"Picture4","x":0.2618182077794289,"y":0.20953478972608847,"z":0.5972767480373111,"orientation":[-0.08905059303220118,-0.8034289699949653,-0.003610856286705509,0.5886924865923796],"scale":0.6,"assetId":"Asset_1736274842528_0"},{"id":"Picture_1736449602089_0","name":"Picture5","x":0.3383927366934073,"y":-0.5688394810111201,"z":-0.182572341822286,"orientation":[-0.4194401599112328,-0.6191719002911458,-0.5405814759275728,0.3853151671391335],"scale":0.5,"assetId":"Asset_1736275058771_0"},{"id":"Picture_1736449670884_0","name":"Picture6","x":0.7458042540171818,"y":-0.07344009915356159,"z":0.24119912955936018,"orientation":[-0.059655938725016205,-0.9510377622808521,-0.14027984484884026,0.2688678277887728],"scale":0.5,"assetId":"Asset_1736449666778_0"},{"id":"Picture_1736450590894_0","name":"Picture7","x":0.19300682910072842,"y":-0.12902349444565295,"z":-0.8815679548299551,"orientation":[0.02440411513089175,-0.11851178867482924,0.016740729951533168,0.9925115329659704],"scale":0.5,"assetId":"Asset_1736450581407_0"},{"id":"Picture_1736450811103_0","name":"Picture8","x":0.06075166575790586,"y":0.6499859646892882,"z":1.0966846275743853,"orientation":[0.03915768528707587,-0.05650011257141931,0.0942157439632331,0.9931756171754473],"scale":0.3,"assetId":"Asset_1736450801664_0"},{"id":"Picture_1736457026951_0","name":"Picture9","x":0.7458985642080198,"y":-0.005872404780873621,"z":-0.12448981351392008,"orientation":[-0.11835937612882759,-0.34782982687062286,-0.02697682040476303,0.9296653810820301],"scale":0.3,"assetId":"Asset_1736456713519_0"},{"id":"Picture_1736457070945_0","name":"Picture10","x":-0.2816551539930896,"y":0.07758173331592727,"z":-0.74129057167522,"orientation":[-0.17535151313100658,0.3806140753341936,0.08092330723625982,0.9043429608539606],"scale":0.3,"assetId":"Asset_1736456713557_0"},{"id":"Picture_1736457278185_0","name":"Picture11","x":0.8212758010864079,"y":0.13309844965914075,"z":0.3617250469555183,"orientation":[-0.07379963414853746,-0.8408346703371011,-0.2614869454413244,0.46816156241452184],"scale":0.3,"assetId":"Asset_1736456713546_0"},{"id":"Picture_1736457325829_0","name":"Picture12","x":0.2806062136789606,"y":0.16031064237323528,"z":-0.8503651137349173,"orientation":[0.024966044624178063,-0.28569165486301396,0.02644268221740764,0.9576313275549235],"scale":0.3,"assetId":"Asset_1736457314758_0"},{"id":"Picture_1736457772933_0","name":"Picture13","x":0.590458627422911,"y":-0.0181896243446181,"z":-0.47927828363139313,"orientation":[-0.10833149563555584,-0.3330762564351777,-0.006855239384616434,0.9366309305940473],"scale":0.3,"assetId":"Asset_1736457760019_0"},{"id":"Picture_1736457797273_0","name":"Picture14","x":0.5775407447538289,"y":0.31299308232733436,"z":-0.49593075798801056,"orientation":[0.25961752999279375,-0.5535709161626043,0.09219975458540491,0.7859116897932789],"scale":0.3,"assetId":"Asset_1736457760029_0"}],"audios":[{"id":"Audio_1736264693473_18","name":"Audio1","assetId":"Asset_1736264693299_0","x":0.13320956799592987,"y":0.4460840028291809,"z":1.3772056892257039,"attachedId":null,"volume":1,"ambient":false},{"id":"Audio_1736269038262_0","name":"Audio2","assetId":"Asset_1736264693299_0","x":1.2669873738012392,"y":-0.5995837470779861,"z":1.2742861335853028,"attachedId":null,"volume":1,"ambient":false},{"id":"Audio_1736270643590_0","name":"Audio3","assetId":"Asset_1736270643579_0","x":-0.06918637661201847,"y":-0.10348958420123627,"z":-0.265256035705841,"attachedId":null,"volume":1,"ambient":false},{"id":"Audio_1736270718710_0","name":"Audio4","assetId":"Asset_1736270718699_0","x":0.36798377277771044,"y":-0.10760857555076903,"z":-0.21452757257610688,"attachedId":null,"volume":1,"ambient":false},{"id":"Audio_1736451602076_0","name":"Audio5","assetId":"Asset_1736451585610_0","x":-0.4824157297248495,"y":0.06507370241928877,"z":-0.26521143522403323,"attachedId":null,"volume":1,"ambient":false}],"teleports":[{"id":"Teleport_1736265135825_0","name":"Teleport","momentId":"Moment_1736264020524_8","x":0.2801771402141601,"y":0.0923371977829088,"z":-0.051668416655467536,"attachedId":null,"sceneX":0,"sceneY":0,"sceneZ":0,"sceneDirX":0,"sceneDirY":0,"sceneDirZ":-1},{"id":"Teleport_1736268681819_0","name":"Teleport","momentId":"Moment_1736264882526_21","x":0.9985206015904936,"y":-0.8563299851230419,"z":2.2904904482448223,"attachedId":null,"sceneX":0,"sceneY":0,"sceneZ":0,"sceneDirX":0,"sceneDirY":0,"sceneDirZ":-1},{"id":"Teleport_1736448988710_0","name":"Teleport","momentId":"Moment_1736448729946_35","x":-0.14556114966195405,"y":0.06753247928728122,"z":0.8058495367495297,"attachedId":null,"sceneX":0,"sceneY":0,"sceneZ":0,"sceneDirX":0,"sceneDirY":0,"sceneDirZ":-1},{"id":"Teleport_1736457948834_0","name":"Teleport","momentId":"Moment_1736276598461_57","x":-0.1056908756506816,"y":0.08290409662226543,"z":0,"attachedId":null,"sceneX":0,"sceneY":0,"sceneZ":0,"sceneDirX":0,"sceneDirY":0,"sceneDirZ":-1},{"id":"Teleport_1736459663010_0","name":"Teleport","momentId":"Moment_1736449016349_69","x":-0.18972493398209347,"y":0.11623335765733465,"z":0,"attachedId":null,"sceneX":0,"sceneY":0,"sceneZ":0,"sceneDirX":0,"sceneDirY":0,"sceneDirZ":-1}]}